IsomiR Name,IsomiR Sequence,isomiR type
fhe-bantam-3p,CUGAGAUCGCGAUUAAAGCUGGU,e1
fhe-bantam-3p,UCUGAGAUCGCGAUUAAAGCUGGU,e2
fhe-let-7b-5p,GGGAGGUAGUUCGUUGUGUGGU,e1
fhe-let-7b-5p,UGGGAGGUAGUUCGUUGUGUGGU,e2
fhe-let-7c-5p,CGAGGUAGUGAGUUGUAUGUCUG,e1
fhe-miR-1175-3p,GUGAGAUUCAACUACUUCAGCUG,e1
fhe-miR-125a-5p,GUCCCUGAGACCCUAGAGUUUC,e1
fhe-miR-125a-5p,UGUCCCUGAGACCCUAGAGUUUC,e2
fhe-miR-125b-5p,ACCCCUGAGACUGAUAAUUGCUC,e1
fhe-miR-125b-5p,CACCCCUGAGACUGAUAAUUGCUC,e2
fhe-miR-133-3p,UUUGGUCCCUAUCAACCAGCUAU,e1
fhe-miR-190b-5p,AUGAUAUGUAUGGUUUUCGGUUG,e1
fhe-miR-1992-3p,UAUCAGCAGUUGCACCAUUGACG,e2
fhe-miR-1992-3p,AUCAGCAGUUGCACCAUUGACG,e1
fhe-miR-1a-3p,UAUGGAAUGUGGCGAAGUAUGGU,e1
fhe-miR-1b-3p,AUGGAAUGUUGUGAAGUAUGUAC,e1
fhe-miR-2162-3p,UGUAUUAUGCAACAUUUCACUCU,e1
fhe-miR-219-5p,UCUGAUUGUCCAUUCGCAUUUCUUG,e2
fhe-miR-277b-3p,GAAAAUGCAUCAUCUACCCGAGA,e1
fhe-miR-277b-3p,UGAAAAUGCAUCAUCUACCCGAGA,e2
fhe-miR-281-5p,GAGGAGGGCAAUUUUAUGACUUU,e1
fhe-miR-281-5p,UGAGGAGGGCAAUUUUAUGACUUU,e2
fhe-miR-307-5p,UCCUCAACAAGAAGGCUGUUGGAUG,e1
fhe-miR-307-5p,UCCUCAACAAGAAGGCUGUUGGACG,e1
fhe-miR-307-5p,UCCUCAACAAGAAGGCUGUUGGAGG,e1
fhe-miR-31-5p,UUGGCAAGAUUAUGGCGAAGCUGA,e1
fhe-miR-31-5p,UUGGCAAGAUUAUGGCGAAGCUCA,e1
fhe-miR-31-5p,UUGGCAAGAUUAUGGCGAAGCUAA,e1
fhe-miR-31-5p,UUGGCAAGAUUAUGGCGAAGCUUA,e1
fhe-miR-3479b-5p,AGAUUGCACUACUCAUAGCCUUC,e1
fhe-miR-6613-3p,GACACUGAGCUCGAAGAUCGCA,e1
fhe-miR-71a-5p,GUGAAAGACGAUGGUAGUGAGAUG,e1
fhe-miR-71b-5p,GUGAAAGACUUGAGUAGUGAG,e1
fhe-miR-750-3p,CACCAGAUCUGACUCUUCCAGCUCU,e1
fhe-miR-8457-5p,AGGGUGGAUACAGUCGGUUAUG,e1
fhe-miR-96-5p,CCUUGGCACUUUGGAAUUGUCA,e1
fhe-miR-96-5p,UCCUUGGCACUUUGGAAUUGUCA,e2
fhe-Novel-10-3p,AACCGGUCUUGAGAAGGGUUACU,e1
fhe-Novel-100-5p,AUAACACAGCGUAGUCGAGAUC,e2
fhe-Novel-100-5p,UAACACAGCGUAGUCGAAAUC,e1
fhe-Novel-100-5p,AAUAACACAGCGUAGUCGAAUUC,e3
fhe-Novel-100-5p,AAUAACACAGCGUAGUCGAGAUC,e3
fhe-Novel-100-5p,AUAACACAGCGUAGUCGAAAUC,e2
fhe-Novel-100-5p,AUAACACAGUGUAGUCGAAAUC,e2
fhe-Novel-100-5p,UAACACAGCGCAGUCGAAAUC,e1
fhe-Novel-102-3p,AUAAGGAUUCGGAGAUAGUUAAG,e2
fhe-Novel-103-5p,UUGACCGUACCACUGAGUGACCC,e1
fhe-Novel-103-5p,UUGACCGUACCUCUGAGUGACCC,e1
fhe-Novel-103-5p,UUGACCGUACCACUGGGUGACUC,e1
fhe-Novel-103-5p,UUGACCGUACCACUGAGUGAUCC,e1
fhe-Novel-103-5p,GUGACCGUACCACUGAGUGACCC,e1
fhe-Novel-104-5p,GUAAUCAGUCGACUUUUCGGUCA,e1
fhe-Novel-11-5p,AAAAAGCUCGUAGUUGGAUCUGGGU,e3
fhe-Novel-11-5p,AAAGCUCGUAGUUGGAUCUGGGU,e1
fhe-Novel-11-5p,AAAAGCUCGUAGUUGGAUCUGGGU,e2
fhe-Novel-11-5p,AAAAAGCUCGUAGUUGGAUCUGAGU,e3
fhe-Novel-11-5p,AAAAAGCUCGUAGUUGGAUCUGGUU,e3
fhe-Novel-11-5p,AAAAAGCUCGUAGUCGGAUCUGGGU,e3
fhe-Novel-11-5p,AAAAAGCUCGUAGUUGGAUCUGGAU,e3
fhe-Novel-13-5p,AUCGGUCAGGCAGUAAGCUGUG,e1
fhe-Novel-15-3p,CUUAUUUUGGGUGUGAUAGAUU,e1
fhe-Novel-18-5p,UCCGGGCUGGCUCUCAACGGUUUUU,e2
fhe-Novel-18-5p,CCGGGCUGGCUCUCAACGGUUUUU,e1
fhe-Novel-18-5p,UUCGGGCUGGCUCUCAACGGUUUUU,e2
fhe-Novel-18-5p,UCCGGGCUGGCUCUCAACGGUUUCU,e2
fhe-Novel-18-5p,UCGGGCUGGCUCUCAACGGUUUUU,e1
fhe-Novel-18-5p,UCCGGGCUGGCUCUCAACGGUAUUU,e2
fhe-Novel-18-5p,CCGGGCUGGCUCUCAACGGUAUUU,e1
fhe-Novel-18-5p,UCCGGGCUGGCUCUCAACGGUCUUU,e2
fhe-Novel-18-5p,CCGGGCUGGCUCUCAACGGUUUCU,e1
fhe-Novel-18-5p,AUCCGGGCUGGCUCUCAACGUUUUUU,e3
fhe-Novel-18-5p,UUCGGGCUGGCUCUCAACGGUUUCU,e2
fhe-Novel-18-5p,UCGGGCUGGCUCUCAACGGUUUCU,e1
fhe-Novel-18-5p,CCGGGCUGGCUCUCAACGGUUUGU,e1
fhe-Novel-18-5p,UCGGGCUGGCUCUCAACGGUAUUU,e1
fhe-Novel-18-5p,CCGGGCUGGCUCUCGACGGUUUUU,e1
fhe-Novel-18-5p,ACCGGGCUGGCUCUCAACGGUUUCU,e2
fhe-Novel-18-5p,CCGGGCUGGCUCUCAACGGUUUAU,e1
fhe-Novel-18-5p,UCCGGGCUGGCUCUCAACGGUUUAU,e2
fhe-Novel-18-5p,UCCGGGCUGGCUCUCAACGGUCUCU,e2
fhe-Novel-18-5p,UCCGGGCUGGCUCUCAACGGUUUGU,e2
fhe-Novel-18-5p,CCGGGCUGGCUCUUAACGGUUUUU,e1
fhe-Novel-18-5p,UCCGGGCUGGCUCUCAACGGCUUUU,e2
fhe-Novel-18-5p,CCGGGCUGGCUCUCAACGGUAUCU,e1
fhe-Novel-18-5p,CCGGGCUGGCUAUCAACGGUUUUU,e1
fhe-Novel-18-5p,UUCGGGCUGGCUCUCAACGGUAUUU,e2
fhe-Novel-18-5p,GCCGGGCUGGCUCUCAACGGUUUUU,e2
fhe-Novel-18-5p,UCCGGGCUGGCUCUCAACAGUUUUU,e2
fhe-Novel-18-5p,CUCGGGCUGGCUCUCAACGGUUUUU,e2
fhe-Novel-18-5p,UACGGGCUGGCUCUCAACGGUUUUU,e2
fhe-Novel-18-5p,CCCGGGCUGGCUCUCAACGGUUUUU,e2
fhe-Novel-18-5p,CCGGGCUGGCUCUCAACGGAUUUU,e1
fhe-Novel-18-5p,UCCGGGCUGGCUCUCAACGGGUUUU,e2
fhe-Novel-18-5p,AACGGGCUGGCUCUCAACGGUUUUU,e2
fhe-Novel-18-5p,CCGGGCUGGCUCUCAUCGGUUUUU,e1
fhe-Novel-18-5p,CCGGGCUGGCUCUCAACGGUCUUU,e1
fhe-Novel-18-5p,CCCGGGCUGGCUCUCAACGGUUUCU,e2
fhe-Novel-18-5p,CCGGGCUGGCUCUCAGCGGUUUUU,e1
fhe-Novel-18-5p,UCCGGGCUGGCUCUCAAUGGUUUUU,e2
fhe-Novel-18-5p,UCCGGGCUGGCCCUCAACGGUUUUU,e2
fhe-Novel-18-5p,UCCGGGCUGGCUCUCAGCGGUUUUU,e2
fhe-Novel-18-5p,CCGGGCUGGCUCUCAACGGGUUUU,e1
fhe-Novel-18-5p,CCGGGCUGACUCUCAACGGUUUUU,e1
fhe-Novel-18-5p,ACGGGCUGGCUCUAAACGGUUUUU,e1
fhe-Novel-18-5p,UCCGGGCUGGCCCUCAACGGUUUCU,e2
fhe-Novel-18-5p,UUCGGGCUGGCUCUCAACGGUUUAU,e2
fhe-Novel-18-5p,UUCGGGCUGGCUCUCAGCGGUUUUU,e2
fhe-Novel-18-5p,AUCCGGGCUGGCUCUCAACGAUUUUU,e3
fhe-Novel-18-5p,UCCGGGCUGGCUCUCAACGGAUUCU,e2
fhe-Novel-18-5p,AUCCGGGCUGGCUCUCAACGUUUCGU,e3
fhe-Novel-18-5p,UCCGGGCUGGCUCUCAACGGUAUAU,e2
fhe-Novel-18-5p,GCCGGGCUGGCUCUCAACGGUUUCU,e2
fhe-Novel-18-5p,ACCGGGCUGGCUCUCAACGGUUUUU,e2
fhe-Novel-18-5p,CCGGGCUGGCACUCAACGGUUUUU,e1
fhe-Novel-18-5p,UCGGGCUGGCUCUCAACGGUUUAU,e1
fhe-Novel-18-5p,UCGGGCUGGUUCUCAACGGUUUUU,e1
fhe-Novel-18-5p,UUCGGGCUGGCUCUCAACGGUAUCU,e2
fhe-Novel-18-5p,UCCGGGCUGGCUCUCAAAGGUUUUU,e2
fhe-Novel-18-5p,CCGGGCUGGCUCUCAACGCUUUCU,e1
fhe-Novel-18-5p,CCGGGCUGGCUCUCAACGGAUUCU,e1
fhe-Novel-18-5p,UCCGGGCUGGCUCUCAACGGUAUCU,e2
fhe-Novel-2-3p,GAUUACAGUCUGGACGUGGUUU,e1
fhe-Novel-2-3p,GGAUUACAGUCUGGACGUGGUUU,e2
fhe-Novel-2-3p,AGAUUACAGUCUGGACGUGGUUU,e2
fhe-Novel-2-3p,GGAUUACAGUCUGGACGUGGAUU,e2
fhe-Novel-2-3p,GGAUUACAGUCUGGACGUGGUCU,e2
fhe-Novel-2-3p,GAUUACAGUCCGGACGUGGUUU,e1
fhe-Novel-20-5p,AUAUCUAAGUCGGACUUGGUU,e1
fhe-Novel-20-5p,CAUAUCUAAGUCGGACUUGGUU,e2
fhe-Novel-20-5p,AUAUCUAAGUCGGACUUGGCU,e1
fhe-Novel-20-5p,CAUAUCUAAGUCGGACUUGGCU,e2
fhe-Novel-20-5p,CAUAUCUAAGUCGGAGUUGGUU,e2
fhe-Novel-20-5p,AUAUCUAAGUCGGACCUGGUU,e1
fhe-Novel-20-5p,UAUAUCUAAGUCGGACUUGGUU,e2
fhe-Novel-21-3p,ACACUACCGGCACCUUGCCUGA,e1
fhe-Novel-21-3p,AACACUACCGGCACCUUGCCUGA,e2
fhe-Novel-25-5p,GUAGACACUGUGGAACACAAUU,e1
fhe-Novel-25-5p,GUAGACACUGUGGAACACAACU,e1
fhe-Novel-25-5p,GUAGACACUGUGGAAAACAACU,e1
fhe-Novel-25-5p,GUAGACACUGUGGGACACAACU,e1
fhe-Novel-25-5p,AGUAGACACUGUGGAACACAACU,e2
fhe-Novel-25-5p,GUAGACACUGCGGAACACAACU,e1
fhe-Novel-25-5p,AGUAGACACUGUGGAACACAAUU,e2
fhe-Novel-25-5p,GUAGACACUGUGGAACAUAACU,e1
fhe-Novel-25-5p,CUAGACACUGUGGAACACAACU,e1
fhe-Novel-26-5p,AUUUCCGGUGGAUAAUUUUCC,e1
fhe-Novel-27-3p,UAACGCGAGGUCGUUAGAUGU,e1
fhe-Novel-28-5p,UUUUUGUCGGUUCCAUGUUCUUU,e1
fhe-Novel-28-5p,GUUUUGUCAGUUCCAUGUGCUUU,e1
fhe-Novel-28-5p,GUUUUGUCAGUUCCAUGUGCUCU,e1
fhe-Novel-28-5p,AUUUUGUCGGUUCCAUGUUCUUU,e1
fhe-Novel-28-5p,UGUUUUGUCAGUUCCAUGUGCUUU,e2
fhe-Novel-28-5p,UUUUUUGUCGGUUCCAUGUUCUUU,e2
fhe-Novel-28-5p,GUUUUGUCAGUUCCACGUGCUUU,e1
fhe-Novel-28-5p,CUGUUUUGUCAGUUCCAUGUUCUUU,e3
fhe-Novel-28-5p,GUUUUGUCAGUUCCGUGUGCUUU,e1
fhe-Novel-28-5p,UUUUUGUCGGUUCCAUGUCCUUU,e1
fhe-Novel-28-5p,UGUUUUGUCAGUUCCGUGUGCUUU,e2
fhe-Novel-28-5p,CUGUUUUGUCAGUUCCAUGUUCUGU,e3
fhe-Novel-29-5p,AUGUGGGAAGACGAUAGACUAC,e1
fhe-Novel-3-5p,UACUGGACUGACUUUUCCGAGUUU,e1
fhe-Novel-3-5p,UUACUGGACUGACUUUUCCGAGGUU,e2
fhe-Novel-3-5p,UACUGGACUGACUUUUCCGACAUU,e1
fhe-Novel-3-5p,UUACUGGACUGGCUUUUCCGAGGUU,e2
fhe-Novel-30-3p,UUUUGGGACUAUUUUAACAAU,e1
fhe-Novel-30-3p,AUUUUGGGACUAUUUUAACAAU,e2
fhe-Novel-31-5p,UUCACGGAACUAGUACCUCAAUU,e1
fhe-Novel-31-5p,UUCACGGAACUAGUACCUCACUU,e1
fhe-Novel-31-5p,UUCACGGAACUAGUACCUCAGUU,e1
fhe-Novel-31-5p,UUCACGGAACUAGUACCUCAAAU,e1
fhe-Novel-31-5p,GUUCACGGAACUAGUACCUCACUU,e2
fhe-Novel-31-5p,GUUCACGGAACUAGUACCUCAGUU,e2
fhe-Novel-31-5p,GUUCACGGAACUAGUACCUCAAUU,e2
fhe-Novel-33-5p,GCUUUAAUACUGAAGUGGAGUUC,e2
fhe-Novel-33-5p,CUUUAAUACUGAAGUGGAGUGC,e1
fhe-Novel-33-5p,CUUUAAUACUGAAGUGGAGUUC,e1
fhe-Novel-34-5p,ACGCAAGAACAACGAAUGAUU,e1
fhe-Novel-34-5p,GCGCAAGAACAACGAAUGAUU,e1
fhe-Novel-34-5p,GACGCAAGAACAACGAAUGAUU,e2
fhe-Novel-35-3p,UAAGAAGGACGCCGCGAGAGAGUUU,e2
fhe-Novel-36-5p,UGAGGUACAUUCGCUAACGACUGA,e1
fhe-Novel-37-3p,GACGCCGCGAGAGAGGUACUCU,e1
fhe-Novel-37-3p,GGACGCCGCGAGAGAGGUACUCU,e2
fhe-Novel-38-3p,AGUAAGAUCUACAGUUCUGAUU,e1
fhe-Novel-38-3p,CAGUAAGAUCUACAGUUCUGAUU,e2
fhe-Novel-38-3p,CCAGUAAGAUCUACAGUUCUGAUU,e3
fhe-Novel-39-5p,GUUGUCAAAGACUUCUCGAAGA,e1
fhe-Novel-39-5p,GUUGUCAAAGACUUCUGGAAGA,e1
fhe-Novel-39-5p,CGUUGUCAAAGACUUCUGGAAGA,e2
fhe-Novel-40-3p,CUGUUAUAGUCGGAUACCGGAUA,e2
fhe-Novel-42-5p,ACUUCUCUCUGUAGUGGCUCC,e1
fhe-Novel-42-5p,GCACUUCUCUCUGUAGUGGCUCC,e3
fhe-Novel-47-5p,UUCCCCGUAAUCAAACUGUUG,e1
fhe-Novel-47-5p,UUCCCCGUAAUCGAACUGUUG,e1
fhe-Novel-48-5p,GUGUGGCCUCGUAGCUCAGCUGGUAG,e2
fhe-Novel-48-5p,GGCGUGGCCUCGUAGCUCAGAUGGUAG,e3
fhe-Novel-48-5p,GGCGUGGCCUCGUAGCUCAGCUGGUAG,e3
fhe-Novel-49-3p,GUUUGCAUAUCUAAGUCGGACA,e1
fhe-Novel-49-3p,GUUUGCAUAUCUAAGUCGUACA,e1
fhe-Novel-50-3p,UUAGAGUACCUGUAGAGUUCG,e1
fhe-Novel-51-5p,CACCCUCAUUUAGAUCGAAGUU,e1
fhe-Novel-52-5p,CGUCAGCGAAGACGUCGGGAA,e1
fhe-Novel-53-3p,UGGUCCGAAAACGCGGUGGAACUU,e3
fhe-Novel-53-3p,GUCCGAAAACGCGGUGGAACCU,e1
fhe-Novel-53-3p,GGUCCGAAAACGCGGUGGAACUU,e2
fhe-Novel-54-3p,AAUGAGACGGUGACUGAUGAAUU,e1
fhe-Novel-54-3p,AAUGAGACGGUGAGUGAUGAUUU,e1
fhe-Novel-55-5p,AGACCGGUGGUGGUCGAUUGGUUU,e1
fhe-Novel-55-5p,AGACCGGUGGUGGUCGAGGGGUUU,e1
fhe-Novel-55-5p,GUGACCGGUGGUGGUCGACUGGUUU,e2
fhe-Novel-55-5p,UGACCGGUGGUGGUCGAGUGGUUU,e1
fhe-Novel-55-5p,AUGACCGGUGGUGGUCGAGUGGAUU,e2
fhe-Novel-55-5p,CUGACCGGUGGUGGUCGAGUGGUUU,e2
fhe-Novel-55-5p,AGACCGGUGGUGGUCGAGUGGUUU,e1
fhe-Novel-55-5p,AGACCGGUGGCGGUCGAGUGGUUU,e1
fhe-Novel-55-5p,GUGACCGGUGGUGGUCGAGUGGUUU,e2
fhe-Novel-55-5p,AUGACCGGUGGUGGUCGAGUGGUUU,e2
fhe-Novel-55-5p,ACGACCGGUGGUCGUCGAGUGGUUU,e2
fhe-Novel-55-5p,GUGACCGGUGGUGGUCCAGUGGAUU,e2
fhe-Novel-55-5p,AUGACCGGUGCUGGUCGAGUGGUUU,e2
fhe-Novel-58-5p,AAGAUCGGUGAUGGCCAGGUGGUU,e2
fhe-Novel-58-5p,AGAUCGGUGAUGGCCAGGUGGUU,e1
fhe-novel-61-3p,CAAGGGGAUAAUUGUAGAGGUC,e1
fhe-Novel-64-5p,UUCCCCGAUCAAAGAUGCAAGC,e1
fhe-Novel-70-5p,AUUACCGAUGACGCCCUUUGCU,e1
fhe-Novel-72-3p,CAUCGGCCUUUGAGACUAUGGGG,e1
fhe-Novel-72-5p,UUCAAGUCUCAGGGUCUGGUUGC,e3
fhe-Novel-75-3p,AUUCGGAGAUAGUUAAGGAAUU,e1
fhe-Novel-75-3p,AUUCGGAGAUAGUUAAGGAACU,e1
fhe-Novel-75-3p,GAUUCGGAGAUAGUUAAGGAAUU,e2
fhe-Novel-75-3p,AUUCGGAGAUAGUUAAGGAAAU,e1
fhe-Novel-75-3p,GAUUCGGAGAUAGUUAAGGUAUU,e2
fhe-Novel-75-3p,AUUCGGAGAUAGUUAGGGAAUU,e1
fhe-Novel-75-3p,AUUCGGAGGUAGUUAAGGAAUU,e1
fhe-Novel-75-3p,GAUUCGGAGAUAGUUAAGGUACU,e2
fhe-Novel-75-3p,AUUCGGAGAUAGUCAAGGAAUU,e1
fhe-Novel-75-3p,AUUCGGAGAUGGUUAAGGAAUU,e1
fhe-Novel-75-3p,AUUCGGAGACAGUUAAGGAAUU,e1
fhe-Novel-75-3p,GUUCGGAGAUAGUUAAGGAAUU,e1
fhe-Novel-75-3p,GGAUUCGGAGAUAGUUAAGGUACU,e3
fhe-Novel-75-3p,GAUUCGGAGAUAGUUAAGGAACU,e2
fhe-Novel-75-3p,AUUCGGAGAUAGUUAUGGAAUU,e1
fhe-Novel-75-3p,AUUCGGAGAUAGUUAAGGAAGU,e1
fhe-Novel-75-3p,AUUCGGAGAUAGCUAAGGAAUU,e1
fhe-Novel-75-3p,AUUCGGAGAUAGUUAAGGACCU,e1
fhe-Novel-75-3p,GAUUCGGAGAUAGUUAAGGACCU,e2
fhe-Novel-75-3p,AUUCGGAGAUGGUUAAGGAACU,e1
fhe-Novel-75-3p,GAUUCGGAGAUAGUUAAGGAAAU,e2
fhe-Novel-75-3p,AUUCGGAGAUAGUUAAGGAGCU,e1
fhe-Novel-75-3p,AUUCGGAGAUAGUUAAGGGACU,e1
fhe-Novel-75-3p,GUUCGGAGAUAGUUAAGGAACU,e1
fhe-Novel-75-3p,AUUCGGAGAUAGUUGAGGAAUU,e1
fhe-Novel-75-3p,GAUUCGGAGAUAGUUAAGGAAGU,e2
fhe-Novel-75-3p,AUUCGGAGAUAGUCAAGGAACU,e1
fhe-Novel-75-3p,AUUCGGAGAUAGUUAAAGAACU,e1
fhe-Novel-75-3p,AUUCGGAGAUAGUUAAGGUACU,e1
fhe-Novel-75-3p,AUUCGGAGAUAGUUAAGGUAUU,e1
fhe-Novel-75-3p,AUUCGGAGAUAGCUAAGGAACU,e1
fhe-Novel-78-3p,GAAAGUGAACACUGGUGGAUUU,e1
fhe-Novel-78-3p,UGAAAGUGAACACUGGUGGAUUU,e2
fhe-Novel-78-3p,GUGAAAGUGAACACUGGUGGUUUU,e3
fhe-Novel-78-3p,GAAAGUGAACACUGGUGGAUAU,e1
fhe-Novel-78-3p,UGAAAGUGAACACUGGUGGAUGU,e2
fhe-Novel-78-3p,UGAAAGUGAACACCGGUGGAUUU,e2
fhe-Novel-78-3p,GAAAGUGAACACCGGUGGAUUU,e1
fhe-Novel-78-3p,GUGAAAGUGAACACUGGUGGAUUU,e3
fhe-Novel-78-3p,GAAAGUGAACACUGGUGGAUGU,e1
fhe-Novel-78-3p,GUGAAAGUGAACACUGGUGGGUUU,e3
fhe-Novel-78-3p,GUGAAAGUGAACACUGGUGGUUGU,e3
fhe-Novel-78-3p,UGAAAGUGAACACUGGUGGAUAU,e2
fhe-Novel-78-3p,GUGAAAGUGAACACUGGUGGUUAU,e3
fhe-Novel-78-3p,GAAAGUGAACACUGGUGAAUGU,e1
fhe-Novel-78-3p,GUGAAAGUGAACACUGGUGGGUCU,e3
fhe-Novel-78-3p,GAAAGUGAACACUGGUGGACGU,e1
fhe-Novel-78-3p,GUGAAAGUGAGCACUGGUGGAUUU,e3
fhe-Novel-78-3p,GAAAGUGAACACUGGAGGAUGU,e1
fhe-Novel-79-3p,UCAUCGUGGGAUUAGCUUAUU,e1
fhe-Novel-79-3p,UCAUCGUGGGAUUAGCUUAAU,e1
fhe-Novel-79-3p,AUCAUCGUGGGAUUAGCUUACU,e2
fhe-Novel-79-3p,UCAUCGUGGGAUUAGCUGAAU,e1
fhe-Novel-79-3p,UCAUCGUGGGAUUAGCUUACU,e1
fhe-Novel-79-3p,UCAUCGUGGGAUUAGCUUAGU,e1
fhe-Novel-79-3p,CCAUCGUGGGAUUAGCUUAUU,e1
fhe-Novel-79-3p,UCAUCGUGAGAUUAGCUUGAU,e1
fhe-Novel-79-3p,ACAUCGUGGGAUUAGCUUAAU,e1
fhe-Novel-79-3p,UCAUCGUGGGAUAAGCUUAAU,e1
fhe-Novel-79-3p,AUCAUCGUGGGAUUAGCUGAAU,e2
fhe-Novel-79-3p,AAUCAUCGUGGGAUUAGCUUAUU,e3
fhe-Novel-79-3p,AACCAUCGUGGGAUUAGCUUAAU,e3
fhe-Novel-79-3p,ACCAUCGUGGGAUUAGCUUAUU,e2
fhe-Novel-79-3p,CCAUCGUGGGAUUAGCUUAGU,e1
fhe-Novel-79-3p,UCAUCGUGGGAUUAGCUUGAU,e1
fhe-Novel-79-3p,UCAUCGUGGGAUUAGCUCAAU,e1
fhe-Novel-79-3p,AUCAUCGUGGGAUUAGCUUAUU,e2
fhe-Novel-79-3p,AUCAUCGUGGGAUUAGCCUAUU,e2
fhe-Novel-79-3p,UCAUCGUGGGAUUAGAUUAUU,e1
fhe-Novel-79-3p,CCAUCGUGGGAUUAGCCUAAU,e1
fhe-Novel-79-3p,UCAUCGUGGGAUUAGUUUAAU,e1
fhe-Novel-79-3p,ACAUCGUGGGAUUAGCUCAAU,e1
fhe-Novel-79-3p,UCAUCGUGGGAUUAGAUUAAU,e1
fhe-Novel-79-3p,CCAUCGUGGGAUUAGCUUAAU,e1
fhe-Novel-79-3p,CCAUCGUGGAAUUAGCUUAGU,e1
fhe-Novel-79-3p,CCAUCGUGGGAUUAGCUAAAU,e1
fhe-Novel-79-3p,CCAUCGUGGGAUCAGCUUAAU,e1
fhe-Novel-79-3p,CCAUCGUGGGAUUAGCUUACU,e1
fhe-Novel-79-3p,ACCAUCGUGGGAUUAGCCUAUU,e2
fhe-Novel-79-3p,AUCAUCGUGGGAUUAGCUCAGU,e2
fhe-Novel-79-3p,CCAUCGUGGGAUUAGCUCAAU,e1
fhe-Novel-79-3p,UCAUCGUGGGAUUAGCCUAAU,e1
fhe-Novel-79-3p,UCAUCGUGGGAUUAACUUAAU,e1
fhe-Novel-79-3p,UCAUCGUGGGAUUAGCCUUAU,e1
fhe-Novel-79-3p,UCAUCGUGGAAUUAGCUUAGU,e1
fhe-Novel-79-3p,AUCAUCGUGGGAUUAGCUUAAU,e2
fhe-Novel-79-3p,CCAUCGUGGGAUCAGCUUAUU,e1
fhe-Novel-79-3p,CCAUCGUGGGAUUAGCAUAAU,e1
fhe-Novel-79-3p,UCAUCGUGGGAUUACCUUAAU,e1
fhe-Novel-79-3p,UCAUCGUGGGGUUAGCUUAAU,e1
fhe-Novel-80-5p,AUUCUAUAUAUCGUGGCACAG,e1
fhe-Novel-80-5p,AUUCUAUAUAUCGUGGCACCG,e1
fhe-Novel-80-5p,UAUUCUAUAUAUCGUGGCACUG,e2
fhe-Novel-80-5p,UAUUCUAUAUAUCGUGGUACUG,e2
fhe-Novel-80-5p,UAUUCUAUAUAUCGUGGUACAG,e2
fhe-Novel-80-5p,AUUCUAUAUAUCGUGGUACCG,e1
fhe-Novel-80-5p,AUUCUAUAUAUCGUGGUACAG,e1
fhe-Novel-80-5p,UAUUCUAUAUAUCGUGGUACCG,e2
fhe-Novel-82-3p,GUAAUCGGAACGUCGACGGACU,e1
fhe-Novel-83-3p,UUUAGACCUUUCUGUAGCAAUU,e1
fhe-Novel-83-3p,UUUAGACCUUUCUGUAGCAACU,e1
fhe-Novel-85-3p,CACAUUAGAACUGGUGGGCACUU,e3
fhe-Novel-85-3p,ACAUUAGAACUGGUGGGCACUU,e2
fhe-Novel-85-3p,ACAUUAGAACUGAUGGGCACUU,e2
fhe-Novel-89-5p,CAGGAUCCGGGCGAAGACAUUC,e1
fhe-Novel-89-5p,CAGGAUCCGGGCGAAGACAUCC,e1
fhe-Novel-89-5p,UAGGAUCCGGGCGAAGACAUCC,e1
fhe-Novel-89-5p,UUAGGAUCCGGGCGAAGACAUCC,e2
fhe-Novel-93-5p,AGAUGGACAAACUAUGCAGACG,e1
fhe-Novel-94-3p,AGUUGUUCGACUGACAAUCGUUC,e1
fhe-Novel-95-5p,AGUUUAUGUCCAUGGUGUAGUCU,e2
fhe-Novel-95-5p,GUUUAUGUCCAUGGUGUAGUCU,e1
fhe-Novel-96-5p,AAUGGCGAAUGUGAGAACCACG,e1
fhe-pUbNovel-1-5p,CUAGUCACUGGGCUACGAACACG,e1
fhe-pUbNovel-23-3p,CAUUUCGGCUGGUGAUGAAACA,e1
fhe-pUbNovel-23-3p,UCAUUUCGGCUGGUGAUGAAACA,e2
fhe-pUbNovel-3-5p,UUCAGCACCGGCCGAAACGACA,e1